iter	Logloss
0	0.5927954938
50	0.0171497548
100	0.00718624887
